Workbook

Sheet Uitleg

Sheet Concept
A2: Veld | B2: Invulling
A3: Naam concept | B3: Verrichting
A4: Conceptbeschrijving | B4: Het concept Verrichting beschrijft een therapeutische of diagnostische verrichting, die de patiënt heeft ondergaan of zal ondergaan.
A5: Doel | B5: Een verrichting wordt uitgevoerd of gepland in het kader van een uitgezet beleid of voor het verkrijgen van aanvullende informatie in het diagnostisch proces. Het vastleggen van verrichtingen dient om inzicht te krijgen in de behandeling van de patiënt. Daarnaast worden verrichtingen vastgelegd ten behoeve van administratieve doeleinden zoals facturering en werklastmeting, wetenschappelijk onderzoek en/of onderwijs.
A6: Gebruiksscenario(’s) | B6: Uitgevoerde en toekomstige therapeutische en diagnostische verrichtingen. Bijvoorbeeld in de informatiestandaarden Geboortezorg, Acute zorg, Huisartsenzorg, BgZ-MSZ en eOverdracht.
A7: Representatie | B7: Zie comment.
A8: Alias(sen) | B8: Behandeling (dekt maar een deel van het concept verrichting)
A9: Juist gebruik | B9: Het concept is bedoeld voor het vastleggen van therapeutische en diagnostische verrichtingen.
A10: Onjuist gebruik | B10: Het concept is niet bedoeld voor het vastleggen van verpleegkundige verrichtingen, administratieve verrichtingen en dat wat niet een verrichting is. Hiervoor zijn nog geen generieke bouwblokken ontwikkeld.
A12: Veld | B12: Invulling | E12: Het concept is niet bedoeld voor het vastleggen van verpleegkundige verrichtingen, administratieve verrichtingen en dat wat niet een verrichting is. Hiervoor zijn nog geen generieke bouwblokken ontwikkeld.
A13: Bouwblokcode | B13: PRO
A14: ART-DECOR-id | B14: 2.16.840.1.113883.2.4.3.11.60.153.4.28/2026-07-15T00:00:00

Sheet Concept (ENG)
A2: Field | B2: Input
A3: Concept name | B3: Procedure
A4: Concept description | B4: Het concept Verrichting beschrijft een therapeutische of diagnostische verrichting, die de patiënt heeft ondergaan of zal ondergaan.
A5: Purpose | B5: Een verrichting wordt uitgevoerd of gepland in het kader van een uitgezet beleid of voor het verkrijgen van aanvullende informatie in het diagnostisch proces. Het vastleggen van verrichtingen dient om inzicht te krijgen in de behandeling van de patiënt. Daarnaast worden verrichtingen vastgelegd ten behoeve van administratieve doeleinden zoals facturering en werklastmeting, wetenschappelijk onderzoek en/of onderwijs.
A6: Use case(s) | B6: Uitgevoerde en toekomstige therapeutische en diagnostische verrichtingen. Bijvoorbeeld in de informatiestandaarden Geboortezorg, Acute zorg, Huisartsenzorg, BgZ-MSZ en eOverdracht.
A7: Representation | B7: Zie comment.
A8: Alias(es) | B8: Behandeling (dekt maar een deel van het concept verrichting)
A9: Correct use | B9: Het concept is bedoeld voor het vastleggen van therapeutische en diagnostische verrichtingen.
A10: Incorrect use | B10: Het concept is niet bedoeld voor het vastleggen van verpleegkundige verrichtingen, administratieve verrichtingen en dat wat niet een verrichting is. Hiervoor zijn nog geen generieke bouwblokken ontwikkeld.
A12: Field | B12: Input
A13: Building block code | B13: {=IFERROR(IF(INDEX(Concept_kenmerk_NL[Invulling],ROW()-12)="","[Automatic]",INDEX(Concept_kenmerk_NL[Invulling],ROW()-12)),"[Automatic]")} -> PRO
A14: ART-DECOR-id | B14: {=IFERROR(IF(INDEX(Concept_kenmerk_NL[Invulling],ROW()-12)="","[Automatic]",INDEX(Concept_kenmerk_NL[Invulling],ROW()-12)),"[Automatic]")} -> 2.16.840.1.113883.2.4.3.11.60.153.4.28/2026-07-15T00:00:00

Sheet Informatie-requirements
A2: Key | B2: EU of NL | C2: Titel | D2: Omschrijving | E2: Onderbouwing | F2: Variabiliteit | G2: Aanwezigheid | H2: Context voor toepassing | I2: Bron | J2: Mapbaar op basismodel | K2: Opgenomen of niet-opgenomen | L2: Opmerkingen
A3: 1 | B3: NL | C3: Datum en tijd | D3: Er is behoefte om de verrichting te kunnen plaatsen in de tijd | F3: Een exacte datum en tijd, een datum, en een vage datum zijn allemaal toegestaan | G3: Alleen bedoeld voor uitgevoerde verrichtingen. Niet te gebruiken als startdatum of einddatum zijn ingevuld.
A4: 1.1 | B4: EU | C4: Datum en tijd van uitgevoerde verrichting | D4: Er is behoefte om de verrichting te kunnen plaatsen in de tijd | F4: Zie hierboven | G4: Zie hierboven | I4: zib2020
A5: 1.1.1 | C5: Datum/tijd uitvoering | D5: Het tijdstip waarop de verrichting is uitgevoerd. Bv. "het verband is dinsdagmiddag om drie uur vervangen". | F5: Zie hierboven | G5: Zie hierboven | I5: XtEHR
A6: 1.1.2 | C6: Periode uitvoering | D6: De periode waarin de verrichting is uitgevoerd, dus van begindatum/tijd tot einddatum/tijd. | F6: Een exacte datum en tijd, een datum, en een vage datum zijn allemaal toegestaan voor zowel het begin als het eind | G6: Alleen relevant uitgevoerde verrichtingen. Niet te gebruiken als er alleen een datum/tijd van uitvoering gewenst is.
A7: 1.1.3 | C7: Einddatum | D7: De einddatum (en eventueel eindtijd) van de verrichting wanneer het om anamnistische registraties gaat (bv. "patiënt wat tot twee jaar geleden onder behandeling"). | F7: Dit zal doorgaans een datum zonder tijd of een vage daum zijn. | G7: Alleen aanwezig bij afgeronde verrichtingen. Niet te gebruiken als er alleen een datum/tijd van uitvoering gewenst is of als er een periode is.
A8: 1.2 | C8: Datum en tijd van gestarte verrichting die nog niet is afgerond | D8: Dit kan een exacte datum en tijd zijn, of voor langdurige verrichtingen een datum of een vage datum | F8: Doorgaans aanwezig bij gestarte verrichtingen | G8: Hier moeten we wel aan denken bij elke informatiebehoefte maar hebben we nu geen bron voor
A9: 1.3 | C9: Geplande startdatum/tijd | D9: De geplande startdatum (en eventueel starttijd) van de verrichting. | F9: Een exacte datum en tijd of alleen een datum | G9: Alleen relevant voor geplande verrichtingen
A10: 1.4 | C10: Gewenste datum/tijd | D10: De gewenste startdatum (en eventueel starttijd) van de verrichting. | F10: Een exacte datum en tijd, een datum, en een vage datum zijn allemaal toegestaan | G10: Alleen relevant voor gewenste/geadviseerde verrichten
A11: 1.5 | C11: Time | D11: Time of the action. | F11: DateTime | G11: Altijd aanwezig | H11: Relevant voor alle typen | L11: Technisch verplicht
A12: 2 | C12: Interval | D12: Er is behoefte om een planning aan te geven waarbij het startpunt nog niet is bepaald | F12: Een exacte periode bestaande uit een aantal met een tijdseenheid (dag, maand, jaar, uur, minuut, seconde) | G12: Relevant als er een planning gemaakt moet worden waarbij het referentiepunt nog niet is bepaald

Sheet Information requirements (ENG)
A2: Key | B2: EU or NL | C2: Title | D2: Description | E2: Rationale | F2: Variability | G2: Presence | H2: Context for use | I2: Source | J2: Mappable to base model | K2: Included or excluded information-requirements | L2: Comments
A3: {=IFERROR(IF(INDEX(Informatiebehoefte_NL[Key],ROW()-2)="","[Automatic]",INDEX(Informatiebehoefte_NL[Key],ROW()-2)),"[Automatic]")} -> 1 | B3: {=IFERROR(IF(INDEX(Informatiebehoefte_NL[EU of NL],ROW()-2)="","[Automatic]",INDEX(Informatiebehoefte_NL[EU of NL],ROW()-2)),"[Automatic]")} -> NL | C3: Date and time | D3: Er is behoefte om de verrichting te kunnen plaatsen in de tijd | F3: Een exacte datum en tijd, een datum, en een vage datum zijn allemaal toegestaan | G3: Alleen bedoeld voor uitgevoerde verrichtingen. Niet te gebruiken als startdatum of einddatum zijn ingevuld. | I3: {=IF(IFERROR(INDEX(Informatiebehoefte_NL[Bron],ROW()-2),"")="","[Automatic]",IFERROR(INDEX(Informatiebehoefte_NL[Bron],ROW()-2),""))} -> [Automatic] | J3: =_xlfn.IFNA(VLOOKUP(Informatiebehoefte_NL[[#This Row],[Mapbaar op basismodel]],'Drop down menu''s'!$A$3:$B$4,2,FALSE),"[Automatic]") -> [Automatic] | K3: =_xlfn.IFNA(VLOOKUP(Informatiebehoefte_NL[[#This Row],[Opgenomen of niet-opgenomen]],'Drop down menu''s'!$A$10:$B$11,2,FALSE),"[Automatic]") -> [Automatic]
A4: {=IFERROR(IF(INDEX(Informatiebehoefte_NL[Key],ROW()-2)="","[Automatic]",INDEX(Informatiebehoefte_NL[Key],ROW()-2)),"[Automatic]")} -> 1.1 | B4: {=IFERROR(IF(INDEX(Informatiebehoefte_NL[EU of NL],ROW()-2)="","[Automatic]",INDEX(Informatiebehoefte_NL[EU of NL],ROW()-2)),"[Automatic]")} -> EU | C4: Datum en tijd van uitgevoerde verrichting | I4: {=IF(IFERROR(INDEX(Informatiebehoefte_NL[Bron],ROW()-2),"")="","[Automatic]",IFERROR(INDEX(Informatiebehoefte_NL[Bron],ROW()-2),""))} -> zib2020 | J4: =_xlfn.IFNA(VLOOKUP(Informatiebehoefte_NL[[#This Row],[Mapbaar op basismodel]],'Drop down menu''s'!$A$3:$B$4,2,FALSE),"[Automatic]") -> [Automatic] | K4: =_xlfn.IFNA(VLOOKUP(Informatiebehoefte_NL[[#This Row],[Opgenomen of niet-opgenomen]],'Drop down menu''s'!$A$10:$B$11,2,FALSE),"[Automatic]") -> [Automatic]
A5: {=IFERROR(IF(INDEX(Informatiebehoefte_NL[Key],ROW()-2)="","[Automatic]",INDEX(Informatiebehoefte_NL[Key],ROW()-2)),"[Automatic]")} -> 1.1.1 | B5: {=IFERROR(IF(INDEX(Informatiebehoefte_NL[EU of NL],ROW()-2)="","[Automatic]",INDEX(Informatiebehoefte_NL[EU of NL],ROW()-2)),"[Automatic]")} -> [Automatic] | C5: Datum/tijd uitvoering | I5: {=IF(IFERROR(INDEX(Informatiebehoefte_NL[Bron],ROW()-2),"")="","[Automatic]",IFERROR(INDEX(Informatiebehoefte_NL[Bron],ROW()-2),""))} -> XtEHR | J5: =_xlfn.IFNA(VLOOKUP(Informatiebehoefte_NL[[#This Row],[Mapbaar op basismodel]],'Drop down menu''s'!$A$3:$B$4,2,FALSE),"[Automatic]") -> [Automatic] | K5: =_xlfn.IFNA(VLOOKUP(Informatiebehoefte_NL[[#This Row],[Opgenomen of niet-opgenomen]],'Drop down menu''s'!$A$10:$B$11,2,FALSE),"[Automatic]") -> [Automatic]
A6: {=IFERROR(IF(INDEX(Informatiebehoefte_NL[Key],ROW()-2)="","[Automatic]",INDEX(Informatiebehoefte_NL[Key],ROW()-2)),"[Automatic]")} -> 1.1.2 | B6: {=IFERROR(IF(INDEX(Informatiebehoefte_NL[EU of NL],ROW()-2)="","[Automatic]",INDEX(Informatiebehoefte_NL[EU of NL],ROW()-2)),"[Automatic]")} -> [Automatic] | C6: Periode uitvoering | I6: {=IF(IFERROR(INDEX(Informatiebehoefte_NL[Bron],ROW()-2),"")="","[Automatic]",IFERROR(INDEX(Informatiebehoefte_NL[Bron],ROW()-2),""))} -> [Automatic] | J6: =_xlfn.IFNA(VLOOKUP(Informatiebehoefte_NL[[#This Row],[Mapbaar op basismodel]],'Drop down menu''s'!$A$3:$B$4,2,FALSE),"[Automatic]") -> [Automatic] | K6: =_xlfn.IFNA(VLOOKUP(Informatiebehoefte_NL[[#This Row],[Opgenomen of niet-opgenomen]],'Drop down menu''s'!$A$10:$B$11,2,FALSE),"[Automatic]") -> [Automatic]
A7: {=IFERROR(IF(INDEX(Informatiebehoefte_NL[Key],ROW()-2)="","[Automatic]",INDEX(Informatiebehoefte_NL[Key],ROW()-2)),"[Automatic]")} -> 1.1.3 | B7: {=IFERROR(IF(INDEX(Informatiebehoefte_NL[EU of NL],ROW()-2)="","[Automatic]",INDEX(Informatiebehoefte_NL[EU of NL],ROW()-2)),"[Automatic]")} -> [Automatic] | C7: Einddatum | I7: {=IF(IFERROR(INDEX(Informatiebehoefte_NL[Bron],ROW()-2),"")="","[Automatic]",IFERROR(INDEX(Informatiebehoefte_NL[Bron],ROW()-2),""))} -> [Automatic] | J7: =_xlfn.IFNA(VLOOKUP(Informatiebehoefte_NL[[#This Row],[Mapbaar op basismodel]],'Drop down menu''s'!$A$3:$B$4,2,FALSE),"[Automatic]") -> [Automatic] | K7: =_xlfn.IFNA(VLOOKUP(Informatiebehoefte_NL[[#This Row],[Opgenomen of niet-opgenomen]],'Drop down menu''s'!$A$10:$B$11,2,FALSE),"[Automatic]") -> [Automatic]
A8: {=IFERROR(IF(INDEX(Informatiebehoefte_NL[Key],ROW()-2)="","[Automatic]",INDEX(Informatiebehoefte_NL[Key],ROW()-2)),"[Automatic]")} -> 1.2 | B8: {=IFERROR(IF(INDEX(Informatiebehoefte_NL[EU of NL],ROW()-2)="","[Automatic]",INDEX(Informatiebehoefte_NL[EU of NL],ROW()-2)),"[Automatic]")} -> [Automatic] | C8: Datum en tijd van gestarte verrichting die nog niet is afgerond | I8: {=IF(IFERROR(INDEX(Informatiebehoefte_NL[Bron],ROW()-2),"")="","[Automatic]",IFERROR(INDEX(Informatiebehoefte_NL[Bron],ROW()-2),""))} -> [Automatic] | J8: =_xlfn.IFNA(VLOOKUP(Informatiebehoefte_NL[[#This Row],[Mapbaar op basismodel]],'Drop down menu''s'!$A$3:$B$4,2,FALSE),"[Automatic]") -> [Automatic] | K8: =_xlfn.IFNA(VLOOKUP(Informatiebehoefte_NL[[#This Row],[Opgenomen of niet-opgenomen]],'Drop down menu''s'!$A$10:$B$11,2,FALSE),"[Automatic]") -> [Automatic]
A9: {=IFERROR(IF(INDEX(Informatiebehoefte_NL[Key],ROW()-2)="","[Automatic]",INDEX(Informatiebehoefte_NL[Key],ROW()-2)),"[Automatic]")} -> 1.3 | B9: {=IFERROR(IF(INDEX(Informatiebehoefte_NL[EU of NL],ROW()-2)="","[Automatic]",INDEX(Informatiebehoefte_NL[EU of NL],ROW()-2)),"[Automatic]")} -> [Automatic] | C9: Geplande startdatum/tijd | I9: {=IF(IFERROR(INDEX(Informatiebehoefte_NL[Bron],ROW()-2),"")="","[Automatic]",IFERROR(INDEX(Informatiebehoefte_NL[Bron],ROW()-2),""))} -> [Automatic] | J9: =_xlfn.IFNA(VLOOKUP(Informatiebehoefte_NL[[#This Row],[Mapbaar op basismodel]],'Drop down menu''s'!$A$3:$B$4,2,FALSE),"[Automatic]") -> [Automatic] | K9: =_xlfn.IFNA(VLOOKUP(Informatiebehoefte_NL[[#This Row],[Opgenomen of niet-opgenomen]],'Drop down menu''s'!$A$10:$B$11,2,FALSE),"[Automatic]") -> [Automatic]
A10: {=IFERROR(IF(INDEX(Informatiebehoefte_NL[Key],ROW()-2)="","[Automatic]",INDEX(Informatiebehoefte_NL[Key],ROW()-2)),"[Automatic]")} -> 1.4 | B10: {=IFERROR(IF(INDEX(Informatiebehoefte_NL[EU of NL],ROW()-2)="","[Automatic]",INDEX(Informatiebehoefte_NL[EU of NL],ROW()-2)),"[Automatic]")} -> [Automatic] | C10: Gewenste datum/tijd | I10: {=IF(IFERROR(INDEX(Informatiebehoefte_NL[Bron],ROW()-2),"")="","[Automatic]",IFERROR(INDEX(Informatiebehoefte_NL[Bron],ROW()-2),""))} -> [Automatic] | J10: =_xlfn.IFNA(VLOOKUP(Informatiebehoefte_NL[[#This Row],[Mapbaar op basismodel]],'Drop down menu''s'!$A$3:$B$4,2,FALSE),"[Automatic]") -> [Automatic] | K10: =_xlfn.IFNA(VLOOKUP(Informatiebehoefte_NL[[#This Row],[Opgenomen of niet-opgenomen]],'Drop down menu''s'!$A$10:$B$11,2,FALSE),"[Automatic]") -> [Automatic]
A11: {=IFERROR(IF(INDEX(Informatiebehoefte_NL[Key],ROW()-2)="","[Automatic]",INDEX(Informatiebehoefte_NL[Key],ROW()-2)),"[Automatic]")} -> 1.5 | B11: {=IFERROR(IF(INDEX(Informatiebehoefte_NL[EU of NL],ROW()-2)="","[Automatic]",INDEX(Informatiebehoefte_NL[EU of NL],ROW()-2)),"[Automatic]")} -> [Automatic] | C11: Time | I11: {=IF(IFERROR(INDEX(Informatiebehoefte_NL[Bron],ROW()-2),"")="","[Automatic]",IFERROR(INDEX(Informatiebehoefte_NL[Bron],ROW()-2),""))} -> [Automatic] | J11: =_xlfn.IFNA(VLOOKUP(Informatiebehoefte_NL[[#This Row],[Mapbaar op basismodel]],'Drop down menu''s'!$A$3:$B$4,2,FALSE),"[Automatic]") -> [Automatic] | K11: =_xlfn.IFNA(VLOOKUP(Informatiebehoefte_NL[[#This Row],[Opgenomen of niet-opgenomen]],'Drop down menu''s'!$A$10:$B$11,2,FALSE),"[Automatic]") -> [Automatic]
A12: {=IFERROR(IF(INDEX(Informatiebehoefte_NL[Key],ROW()-2)="","[Automatic]",INDEX(Informatiebehoefte_NL[Key],ROW()-2)),"[Automatic]")} -> 2 | B12: {=IFERROR(IF(INDEX(Informatiebehoefte_NL[EU of NL],ROW()-2)="","[Automatic]",INDEX(Informatiebehoefte_NL[EU of NL],ROW()-2)),"[Automatic]")} -> [Automatic] | C12: Interval | I12: {=IF(IFERROR(INDEX(Informatiebehoefte_NL[Bron],ROW()-2),"")="","[Automatic]",IFERROR(INDEX(Informatiebehoefte_NL[Bron],ROW()-2),""))} -> [Automatic] | J12: =_xlfn.IFNA(VLOOKUP(Informatiebehoefte_NL[[#This Row],[Mapbaar op basismodel]],'Drop down menu''s'!$A$3:$B$4,2,FALSE),"[Automatic]") -> [Automatic] | K12: =_xlfn.IFNA(VLOOKUP(Informatiebehoefte_NL[[#This Row],[Opgenomen of niet-opgenomen]],'Drop down menu''s'!$A$10:$B$11,2,FALSE),"[Automatic]") -> [Automatic]
A13: {=IFERROR(IF(INDEX(Informatiebehoefte_NL[Key],ROW()-2)="","[Automatic]",INDEX(Informatiebehoefte_NL[Key],ROW()-2)),"[Automatic]")} -> [Automatic] | B13: {=IFERROR(IF(INDEX(Informatiebehoefte_NL[EU of NL],ROW()-2)="","[Automatic]",INDEX(Informatiebehoefte_NL[EU of NL],ROW()-2)),"[Automatic]")} -> [Automatic] | I13: {=IF(IFERROR(INDEX(Informatiebehoefte_NL[Bron],ROW()-2),"")="","[Automatic]",IFERROR(INDEX(Informatiebehoefte_NL[Bron],ROW()-2),""))} -> [Automatic] | J13: =_xlfn.IFNA(VLOOKUP(Informatiebehoefte_NL[[#This Row],[Mapbaar op basismodel]],'Drop down menu''s'!$A$3:$B$4,2,FALSE),"[Automatic]") -> [Automatic] | K13: =_xlfn.IFNA(VLOOKUP(Informatiebehoefte_NL[[#This Row],[Opgenomen of niet-opgenomen]],'Drop down menu''s'!$A$10:$B$11,2,FALSE),"[Automatic]") -> [Automatic]
A14: {=IFERROR(IF(INDEX(Informatiebehoefte_NL[Key],ROW()-2)="","[Automatic]",INDEX(Informatiebehoefte_NL[Key],ROW()-2)),"[Automatic]")} -> [Automatic] | B14: {=IFERROR(IF(INDEX(Informatiebehoefte_NL[EU of NL],ROW()-2)="","[Automatic]",INDEX(Informatiebehoefte_NL[EU of NL],ROW()-2)),"[Automatic]")} -> [Automatic] | I14: {=IF(IFERROR(INDEX(Informatiebehoefte_NL[Bron],ROW()-2),"")="","[Automatic]",IFERROR(INDEX(Informatiebehoefte_NL[Bron],ROW()-2),""))} -> [Automatic] | J14: =_xlfn.IFNA(VLOOKUP(Informatiebehoefte_NL[[#This Row],[Mapbaar op basismodel]],'Drop down menu''s'!$A$3:$B$4,2,FALSE),"[Automatic]") -> [Automatic] | K14: =_xlfn.IFNA(VLOOKUP(Informatiebehoefte_NL[[#This Row],[Opgenomen of niet-opgenomen]],'Drop down menu''s'!$A$10:$B$11,2,FALSE),"[Automatic]") -> [Automatic]
A15: {=IFERROR(IF(INDEX(Informatiebehoefte_NL[Key],ROW()-2)="","[Automatic]",INDEX(Informatiebehoefte_NL[Key],ROW()-2)),"[Automatic]")} -> [Automatic] | B15: {=IFERROR(IF(INDEX(Informatiebehoefte_NL[EU of NL],ROW()-2)="","[Automatic]",INDEX(Informatiebehoefte_NL[EU of NL],ROW()-2)),"[Automatic]")} -> [Automatic] | I15: {=IF(IFERROR(INDEX(Informatiebehoefte_NL[Bron],ROW()-2),"")="","[Automatic]",IFERROR(INDEX(Informatiebehoefte_NL[Bron],ROW()-2),""))} -> [Automatic] | J15: =_xlfn.IFNA(VLOOKUP(Informatiebehoefte_NL[[#This Row],[Mapbaar op basismodel]],'Drop down menu''s'!$A$3:$B$4,2,FALSE),"[Automatic]") -> [Automatic] | K15: =_xlfn.IFNA(VLOOKUP(Informatiebehoefte_NL[[#This Row],[Opgenomen of niet-opgenomen]],'Drop down menu''s'!$A$10:$B$11,2,FALSE),"[Automatic]") -> [Automatic]
A16: {=IFERROR(IF(INDEX(Informatiebehoefte_NL[Key],ROW()-2)="","[Automatic]",INDEX(Informatiebehoefte_NL[Key],ROW()-2)),"[Automatic]")} -> [Automatic] | B16: {=IFERROR(IF(INDEX(Informatiebehoefte_NL[EU of NL],ROW()-2)="","[Automatic]",INDEX(Informatiebehoefte_NL[EU of NL],ROW()-2)),"[Automatic]")} -> [Automatic] | I16: {=IF(IFERROR(INDEX(Informatiebehoefte_NL[Bron],ROW()-2),"")="","[Automatic]",IFERROR(INDEX(Informatiebehoefte_NL[Bron],ROW()-2),""))} -> [Automatic] | J16: =_xlfn.IFNA(VLOOKUP(Informatiebehoefte_NL[[#This Row],[Mapbaar op basismodel]],'Drop down menu''s'!$A$3:$B$4,2,FALSE),"[Automatic]") -> [Automatic] | K16: =_xlfn.IFNA(VLOOKUP(Informatiebehoefte_NL[[#This Row],[Opgenomen of niet-opgenomen]],'Drop down menu''s'!$A$10:$B$11,2,FALSE),"[Automatic]") -> [Automatic]
A17: {=IFERROR(IF(INDEX(Informatiebehoefte_NL[Key],ROW()-2)="","[Automatic]",INDEX(Informatiebehoefte_NL[Key],ROW()-2)),"[Automatic]")} -> [Automatic] | B17: {=IFERROR(IF(INDEX(Informatiebehoefte_NL[EU of NL],ROW()-2)="","[Automatic]",INDEX(Informatiebehoefte_NL[EU of NL],ROW()-2)),"[Automatic]")} -> [Automatic] | I17: {=IF(IFERROR(INDEX(Informatiebehoefte_NL[Bron],ROW()-2),"")="","[Automatic]",IFERROR(INDEX(Informatiebehoefte_NL[Bron],ROW()-2),""))} -> [Automatic] | J17: =_xlfn.IFNA(VLOOKUP(Informatiebehoefte_NL[[#This Row],[Mapbaar op basismodel]],'Drop down menu''s'!$A$3:$B$4,2,FALSE),"[Automatic]") -> [Automatic] | K17: =_xlfn.IFNA(VLOOKUP(Informatiebehoefte_NL[[#This Row],[Opgenomen of niet-opgenomen]],'Drop down menu''s'!$A$10:$B$11,2,FALSE),"[Automatic]") -> [Automatic]
A18: {=IFERROR(IF(INDEX(Informatiebehoefte_NL[Key],ROW()-2)="","[Automatic]",INDEX(Informatiebehoefte_NL[Key],ROW()-2)),"[Automatic]")} -> [Automatic] | B18: {=IFERROR(IF(INDEX(Informatiebehoefte_NL[EU of NL],ROW()-2)="","[Automatic]",INDEX(Informatiebehoefte_NL[EU of NL],ROW()-2)),"[Automatic]")} -> [Automatic] | I18: {=IF(IFERROR(INDEX(Informatiebehoefte_NL[Bron],ROW()-2),"")="","[Automatic]",IFERROR(INDEX(Informatiebehoefte_NL[Bron],ROW()-2),""))} -> [Automatic] | J18: =_xlfn.IFNA(VLOOKUP(Informatiebehoefte_NL[[#This Row],[Mapbaar op basismodel]],'Drop down menu''s'!$A$3:$B$4,2,FALSE),"[Automatic]") -> [Automatic] | K18: =_xlfn.IFNA(VLOOKUP(Informatiebehoefte_NL[[#This Row],[Opgenomen of niet-opgenomen]],'Drop down menu''s'!$A$10:$B$11,2,FALSE),"[Automatic]") -> [Automatic]
A19: {=IFERROR(IF(INDEX(Informatiebehoefte_NL[Key],ROW()-2)="","[Automatic]",INDEX(Informatiebehoefte_NL[Key],ROW()-2)),"[Automatic]")} -> [Automatic] | B19: {=IFERROR(IF(INDEX(Informatiebehoefte_NL[EU of NL],ROW()-2)="","[Automatic]",INDEX(Informatiebehoefte_NL[EU of NL],ROW()-2)),"[Automatic]")} -> [Automatic] | I19: {=IF(IFERROR(INDEX(Informatiebehoefte_NL[Bron],ROW()-2),"")="","[Automatic]",IFERROR(INDEX(Informatiebehoefte_NL[Bron],ROW()-2),""))} -> [Automatic] | J19: =_xlfn.IFNA(VLOOKUP(Informatiebehoefte_NL[[#This Row],[Mapbaar op basismodel]],'Drop down menu''s'!$A$3:$B$4,2,FALSE),"[Automatic]") -> [Automatic] | K19: =_xlfn.IFNA(VLOOKUP(Informatiebehoefte_NL[[#This Row],[Opgenomen of niet-opgenomen]],'Drop down menu''s'!$A$10:$B$11,2,FALSE),"[Automatic]") -> [Automatic]
A20: {=IFERROR(IF(INDEX(Informatiebehoefte_NL[Key],ROW()-2)="","[Automatic]",INDEX(Informatiebehoefte_NL[Key],ROW()-2)),"[Automatic]")} -> [Automatic] | B20: {=IFERROR(IF(INDEX(Informatiebehoefte_NL[EU of NL],ROW()-2)="","[Automatic]",INDEX(Informatiebehoefte_NL[EU of NL],ROW()-2)),"[Automatic]")} -> [Automatic] | I20: {=IF(IFERROR(INDEX(Informatiebehoefte_NL[Bron],ROW()-2),"")="","[Automatic]",IFERROR(INDEX(Informatiebehoefte_NL[Bron],ROW()-2),""))} -> [Automatic] | J20: =_xlfn.IFNA(VLOOKUP(Informatiebehoefte_NL[[#This Row],[Mapbaar op basismodel]],'Drop down menu''s'!$A$3:$B$4,2,FALSE),"[Automatic]") -> [Automatic] | K20: =_xlfn.IFNA(VLOOKUP(Informatiebehoefte_NL[[#This Row],[Opgenomen of niet-opgenomen]],'Drop down menu''s'!$A$10:$B$11,2,FALSE),"[Automatic]") -> [Automatic]
A21: {=IFERROR(IF(INDEX(Informatiebehoefte_NL[Key],ROW()-2)="","[Automatic]",INDEX(Informatiebehoefte_NL[Key],ROW()-2)),"[Automatic]")} -> [Automatic] | B21: {=IFERROR(IF(INDEX(Informatiebehoefte_NL[EU of NL],ROW()-2)="","[Automatic]",INDEX(Informatiebehoefte_NL[EU of NL],ROW()-2)),"[Automatic]")} -> [Automatic] | I21: {=IF(IFERROR(INDEX(Informatiebehoefte_NL[Bron],ROW()-2),"")="","[Automatic]",IFERROR(INDEX(Informatiebehoefte_NL[Bron],ROW()-2),""))} -> [Automatic] | J21: =_xlfn.IFNA(VLOOKUP(Informatiebehoefte_NL[[#This Row],[Mapbaar op basismodel]],'Drop down menu''s'!$A$3:$B$4,2,FALSE),"[Automatic]") -> [Automatic] | K21: =_xlfn.IFNA(VLOOKUP(Informatiebehoefte_NL[[#This Row],[Opgenomen of niet-opgenomen]],'Drop down menu''s'!$A$10:$B$11,2,FALSE),"[Automatic]") -> [Automatic]
A22: {=IFERROR(IF(INDEX(Informatiebehoefte_NL[Key],ROW()-2)="","[Automatic]",INDEX(Informatiebehoefte_NL[Key],ROW()-2)),"[Automatic]")} -> [Automatic] | B22: {=IFERROR(IF(INDEX(Informatiebehoefte_NL[EU of NL],ROW()-2)="","[Automatic]",INDEX(Informatiebehoefte_NL[EU of NL],ROW()-2)),"[Automatic]")} -> [Automatic] | I22: {=IF(IFERROR(INDEX(Informatiebehoefte_NL[Bron],ROW()-2),"")="","[Automatic]",IFERROR(INDEX(Informatiebehoefte_NL[Bron],ROW()-2),""))} -> [Automatic] | J22: =_xlfn.IFNA(VLOOKUP(Informatiebehoefte_NL[[#This Row],[Mapbaar op basismodel]],'Drop down menu''s'!$A$3:$B$4,2,FALSE),"[Automatic]") -> [Automatic] | K22: =_xlfn.IFNA(VLOOKUP(Informatiebehoefte_NL[[#This Row],[Opgenomen of niet-opgenomen]],'Drop down menu''s'!$A$10:$B$11,2,FALSE),"[Automatic]") -> [Automatic]
A23: {=IFERROR(IF(INDEX(Informatiebehoefte_NL[Key],ROW()-2)="","[Automatic]",INDEX(Informatiebehoefte_NL[Key],ROW()-2)),"[Automatic]")} -> [Automatic] | B23: {=IFERROR(IF(INDEX(Informatiebehoefte_NL[EU of NL],ROW()-2)="","[Automatic]",INDEX(Informatiebehoefte_NL[EU of NL],ROW()-2)),"[Automatic]")} -> [Automatic] | I23: {=IF(IFERROR(INDEX(Informatiebehoefte_NL[Bron],ROW()-2),"")="","[Automatic]",IFERROR(INDEX(Informatiebehoefte_NL[Bron],ROW()-2),""))} -> [Automatic] | J23: =_xlfn.IFNA(VLOOKUP(Informatiebehoefte_NL[[#This Row],[Mapbaar op basismodel]],'Drop down menu''s'!$A$3:$B$4,2,FALSE),"[Automatic]") -> [Automatic] | K23: =_xlfn.IFNA(VLOOKUP(Informatiebehoefte_NL[[#This Row],[Opgenomen of niet-opgenomen]],'Drop down menu''s'!$A$10:$B$11,2,FALSE),"[Automatic]") -> [Automatic]
A24: {=IFERROR(IF(INDEX(Informatiebehoefte_NL[Key],ROW()-2)="","[Automatic]",INDEX(Informatiebehoefte_NL[Key],ROW()-2)),"[Automatic]")} -> [Automatic] | B24: {=IFERROR(IF(INDEX(Informatiebehoefte_NL[EU of NL],ROW()-2)="","[Automatic]",INDEX(Informatiebehoefte_NL[EU of NL],ROW()-2)),"[Automatic]")} -> [Automatic] | I24: {=IF(IFERROR(INDEX(Informatiebehoefte_NL[Bron],ROW()-2),"")="","[Automatic]",IFERROR(INDEX(Informatiebehoefte_NL[Bron],ROW()-2),""))} -> [Automatic] | J24: =_xlfn.IFNA(VLOOKUP(Informatiebehoefte_NL[[#This Row],[Mapbaar op basismodel]],'Drop down menu''s'!$A$3:$B$4,2,FALSE),"[Automatic]") -> [Automatic] | K24: =_xlfn.IFNA(VLOOKUP(Informatiebehoefte_NL[[#This Row],[Opgenomen of niet-opgenomen]],'Drop down menu''s'!$A$10:$B$11,2,FALSE),"[Automatic]") -> [Automatic]
... A37: {=IFERROR(IF(INDEX(Informatiebehoefte_NL[Key],ROW()-2)="","[Automatic]",INDEX(Informatiebehoefte_NL[Key],ROW()-2)),"[Automatic]")} -> [Automatic] | B37: {=IFERROR(IF(INDEX(Informatiebehoefte_NL[EU of NL],ROW()-2)="","[Automatic]",INDEX(Informatiebehoefte_NL[EU of NL],ROW()-2)),"[Automatic]")} -> [Automatic] | I37: {=IF(IFERROR(INDEX(Informatiebehoefte_NL[Bron],ROW()-2),"")="","[Automatic]",IFERROR(INDEX(Informatiebehoefte_NL[Bron],ROW()-2),""))} -> [Automatic] | J37: =_xlfn.IFNA(VLOOKUP(Informatiebehoefte_NL[[#This Row],[Mapbaar op basismodel]],'Drop down menu''s'!$A$3:$B$4,2,FALSE),"[Automatic]") -> [Automatic] | K37: =_xlfn.IFNA(VLOOKUP(Informatiebehoefte_NL[[#This Row],[Opgenomen of niet-opgenomen]],'Drop down menu''s'!$A$10:$B$11,2,FALSE),"[Automatic]") -> [Automatic]

Sheet Bronnen
A2: Afkorting / abbreviation | B2: Verwijzing (URL) / Reference (URL) | C2: Naam / name | D2: Versie / version | E2: Opmerkingen/ Comments
A3: zib2020 | B3: https://www.zibs.nl/wiki/Verrichting-v5.2(2020NL) | C3: zib Verrichting | D3: v5.2(2020NL)
A4: XtEHR | B4: https://www.xt-ehr.eu/fhir/models/en/StructureDefinition-EHDSProcedure.html | C4: Xt-EHR model Procedure | D4: 1.0.0

Sheet Traceability matrix
A2: Titel (informatie-requirement) | B2: Title (informatie-requirement) | C2: FHIR | D2: openEHR | E2: [nog in te vullen] | F2: [nog in te vullen]2 | G2: [nog in te vullen]3 | H2: [nog in te vullen]4 | I2: [nog in te vullen]5 | J2: [nog in te vullen]6
A3: {=IFERROR(IF(INDEX(Informatiebehoefte_NL[Titel],ROW()-2)="","[Automatic]",INDEX(Informatiebehoefte_NL[Titel],ROW()-2)),"[Automatic]")} -> Datum en tijd | B3: {=IFERROR(IF(INDEX(Informatiebehoefte_ENG[Title],ROW()-2)="","[Automatic]",INDEX(Informatiebehoefte_ENG[Title],ROW()-2)),"[Automatic]")} -> Date and time
A4: {=IFERROR(IF(INDEX(Informatiebehoefte_NL[Titel],ROW()-2)="","[Automatic]",INDEX(Informatiebehoefte_NL[Titel],ROW()-2)),"[Automatic]")} -> Datum en tijd van uitgevoerde verrichting | B4: {=IFERROR(IF(INDEX(Informatiebehoefte_ENG[Title],ROW()-2)="","[Automatic]",INDEX(Informatiebehoefte_ENG[Title],ROW()-2)),"[Automatic]")} -> Datum en tijd van uitgevoerde verrichting
A5: {=IFERROR(IF(INDEX(Informatiebehoefte_NL[Titel],ROW()-2)="","[Automatic]",INDEX(Informatiebehoefte_NL[Titel],ROW()-2)),"[Automatic]")} -> Datum/tijd uitvoering | B5: {=IFERROR(IF(INDEX(Informatiebehoefte_ENG[Title],ROW()-2)="","[Automatic]",INDEX(Informatiebehoefte_ENG[Title],ROW()-2)),"[Automatic]")} -> Datum/tijd uitvoering
A6: {=IFERROR(IF(INDEX(Informatiebehoefte_NL[Titel],ROW()-2)="","[Automatic]",INDEX(Informatiebehoefte_NL[Titel],ROW()-2)),"[Automatic]")} -> Periode uitvoering | B6: {=IFERROR(IF(INDEX(Informatiebehoefte_ENG[Title],ROW()-2)="","[Automatic]",INDEX(Informatiebehoefte_ENG[Title],ROW()-2)),"[Automatic]")} -> Periode uitvoering
A7: {=IFERROR(IF(INDEX(Informatiebehoefte_NL[Titel],ROW()-2)="","[Automatic]",INDEX(Informatiebehoefte_NL[Titel],ROW()-2)),"[Automatic]")} -> Einddatum | B7: {=IFERROR(IF(INDEX(Informatiebehoefte_ENG[Title],ROW()-2)="","[Automatic]",INDEX(Informatiebehoefte_ENG[Title],ROW()-2)),"[Automatic]")} -> Einddatum
A8: {=IFERROR(IF(INDEX(Informatiebehoefte_NL[Titel],ROW()-2)="","[Automatic]",INDEX(Informatiebehoefte_NL[Titel],ROW()-2)),"[Automatic]")} -> Datum en tijd van gestarte verrichting die nog niet is afgerond | B8: {=IFERROR(IF(INDEX(Informatiebehoefte_ENG[Title],ROW()-2)="","[Automatic]",INDEX(Informatiebehoefte_ENG[Title],ROW()-2)),"[Automatic]")} -> Datum en tijd van gestarte verrichting die nog niet is afgerond
A9: {=IFERROR(IF(INDEX(Informatiebehoefte_NL[Titel],ROW()-2)="","[Automatic]",INDEX(Informatiebehoefte_NL[Titel],ROW()-2)),"[Automatic]")} -> Geplande startdatum/tijd | B9: {=IFERROR(IF(INDEX(Informatiebehoefte_ENG[Title],ROW()-2)="","[Automatic]",INDEX(Informatiebehoefte_ENG[Title],ROW()-2)),"[Automatic]")} -> Geplande startdatum/tijd
A10: {=IFERROR(IF(INDEX(Informatiebehoefte_NL[Titel],ROW()-2)="","[Automatic]",INDEX(Informatiebehoefte_NL[Titel],ROW()-2)),"[Automatic]")} -> Gewenste datum/tijd | B10: {=IFERROR(IF(INDEX(Informatiebehoefte_ENG[Title],ROW()-2)="","[Automatic]",INDEX(Informatiebehoefte_ENG[Title],ROW()-2)),"[Automatic]")} -> Gewenste datum/tijd
A11: {=IFERROR(IF(INDEX(Informatiebehoefte_NL[Titel],ROW()-2)="","[Automatic]",INDEX(Informatiebehoefte_NL[Titel],ROW()-2)),"[Automatic]")} -> Time | B11: {=IFERROR(IF(INDEX(Informatiebehoefte_ENG[Title],ROW()-2)="","[Automatic]",INDEX(Informatiebehoefte_ENG[Title],ROW()-2)),"[Automatic]")} -> Time
A12: {=IFERROR(IF(INDEX(Informatiebehoefte_NL[Titel],ROW()-2)="","[Automatic]",INDEX(Informatiebehoefte_NL[Titel],ROW()-2)),"[Automatic]")} -> Interval | B12: {=IFERROR(IF(INDEX(Informatiebehoefte_ENG[Title],ROW()-2)="","[Automatic]",INDEX(Informatiebehoefte_ENG[Title],ROW()-2)),"[Automatic]")} -> Interval
A13: {=IFERROR(IF(INDEX(Informatiebehoefte_NL[Titel],ROW()-2)="","[Automatic]",INDEX(Informatiebehoefte_NL[Titel],ROW()-2)),"[Automatic]")} -> [Automatic] | B13: {=IFERROR(IF(INDEX(Informatiebehoefte_ENG[Title],ROW()-2)="","[Automatic]",INDEX(Informatiebehoefte_ENG[Title],ROW()-2)),"[Automatic]")} -> [Automatic]
A14: {=IFERROR(IF(INDEX(Informatiebehoefte_NL[Titel],ROW()-2)="","[Automatic]",INDEX(Informatiebehoefte_NL[Titel],ROW()-2)),"[Automatic]")} -> [Automatic] | B14: {=IFERROR(IF(INDEX(Informatiebehoefte_ENG[Title],ROW()-2)="","[Automatic]",INDEX(Informatiebehoefte_ENG[Title],ROW()-2)),"[Automatic]")} -> [Automatic]
... A37: {=IFERROR(IF(INDEX(Informatiebehoefte_NL[Titel],ROW()-2)="","[Automatic]",INDEX(Informatiebehoefte_NL[Titel],ROW()-2)),"[Automatic]")} -> [Automatic] | B37: {=IFERROR(IF(INDEX(Informatiebehoefte_ENG[Title],ROW()-2)="","[Automatic]",INDEX(Informatiebehoefte_ENG[Title],ROW()-2)),"[Automatic]")} -> [Automatic]

Sheet Overwegingen kiezen basismodel
A2: Veld | B2: Invulling
A3: Mogelijke basismodellen
A4: Gekozen basismodel
A6: Veld | B6: Invulling
A7: Overwegingen

Sheet Base model considerations (ENG)
A2: Field | B2: Input
A3: Possible base models | B3: {=IFERROR(IF(INDEX(Basismodel_NL[Invulling],ROW()-2)="","[Automatic]",INDEX(Basismodel_NL[Invulling],ROW()-2)),"[Automatic]")} -> [Automatic]
A4: Selected base model | B4: {=IFERROR(IF(INDEX(Basismodel_NL[Invulling],ROW()-2)="","[Automatic]",INDEX(Basismodel_NL[Invulling],ROW()-2)),"[Automatic]")} -> [Automatic]
A6: Field | B6: Input
A7: Considerations

Sheet Drop down menu's
A2: Mapbaar op basismodel | B2: Mappable to base model
A3: Ja | B3: Yes
A4: Nee | B4: No
A9: Opgenomen of niet-opgenomen informatiebehoefte | B9: Included or excluded information-requirements
A10: Opgenomen informatiebehoefte | B10: Included information-requirements
A11: Niet-opgenomen informatiebehoefte | B11: Excluded information-requirements
A14: EU of NL
A15: EU
A16: NL
